T_Acc,6C_410,6C_428,6C_766,6C_768,6C_991,6C_992,6C_997,6C_1002,6C_1061,6C_1062,6C_1158,6C_1254,6C_1257,6C_1552,6C_4807,6C_5210,6C_5276,6C_5651,6C_5717,6C_5726,6C_5772,6C_5776,6C_5779,6C_5800,6C_5832,6C_5865,6C_6009,6C_6011,6C_6012,6C_6016,6C_6017,6C_6020,6C_6021,6C_6023,6C_6024,6C_6030,6C_6034,6C_6035,6C_6036,6C_6038,6C_6040,6C_6043,6C_6064,6C_6069,6C_6070,6C_6074,6C_6076,6C_6085,6C_6090,6C_6094,6C_6097,6C_6099,6C_6102,6C_6104,6C_6105,6C_6106,6C_6107,6C_6109,6C_6111,6C_6114,6C_6122,6C_6124,6C_6125,6C_6126,6C_6131,6C_6132,6C_6133,6C_6134,6C_6137,6C_6138,6C_6140,6C_6142,6C_6148,6C_6150,6C_6151,6C_6153,6C_6169,6C_6172,6C_6177,6C_6184,6C_6192,6C_6194,6C_6201,6C_6202,6C_6203,6C_6209,6C_6210,6C_6217,6C_6220,6C_6237,6C_6240,6C_6241,6C_6242,6C_6244,6C_6258,6C_6284,6C_6396,6C_6413,6C_6901,6C_6909,6C_6924,6C_6932,6C_6940,6C_6945,6C_6951,6C_6966,6C_6969,6C_6974,6C_6976,6C_6979,6C_6982,6C_6984,6C_7014,6C_7026,6C_7058,6C_7061,6C_7094,6C_7109,6C_7111,6C_7181,6C_7192
Alanine,0.16938765,0.744329283,1.044070225,-0.438498422,0.285086535,0.398498925,-0.507155772,0.843806651,0.622673787,0.776402996,0.313852208,-0.139424266,-0.546637926,-0.213026048,0.526614647,1.191783119,-0.112097343,0.645517599,0.757009158,-0.407263436,0.67820915,0.396879385,-0.039395286,0.838055065,0.347177451,0.053092389,-0.566847935,-1.016625838,0.258524906,-1.157750673,0.238284602,0.415458214,0.104111779,0.481311196,0.275329457,0.295840835,-0.141351889,0.96237209,1.083514754,0.853752204,0.895026339,0.180711551,-0.232989948,0.240929217,-0.326789104,-0.078155565,1.229946725,0.210200592,-0.363556011,1.225167211,0.795504372,0.909999043,1.267855714,0.130846728,0.617116037,0.338512498,-0.366832778,0.665360667,0.951152238,-0.096000159,0.523397093,0.133351274,-0.265992534,0.531039256,0.667308336,0.041554932,0.517056455,0.403829409,0.80266977,0.372780235,0.148925738,0.425503644,-0.26754037,0.57541263,0.364095503,-0.462757542,0.15127338,-0.176456291,-0.596783683,0.351293904,0.63530388,-0.196928426,0.077983875,0.476023305,0.87735294,-0.53907995,-0.010214781,0.030450382,-0.708459461,-0.24087208,0.320088169,-0.00774427,0.018197042,-0.060562485,0.285928338,0.809716548,0.848409205,0.453319285,0.638438683,0.199009361,0.215673434,1.119104508,1.348720718,0.523973853,0.535110682,0.140656887,-0.497054188,0.07467019,0.952047002,-0.064144514,0.457175693,0.704233625,0.428582357,0.545324002,0.009003093,0.444910921,0.032088108,0.522944386,0.757947975,1.391798879,-0.171949907
Asparagine,0.665308792,0.065681535,0.331253667,1.052590114,0.117919703,-0.153661199,0.530983938,0.119292559,-0.265603274,0.152174974,0.498215332,0.808294496,0.066324934,0.913146238,1.084444141,0.460760254,-0.045033173,-0.138879555,0.422366918,-0.455868132,0.383859788,0.289969655,0.315907749,-0.338129608,0.393936463,0.586277266,0.567037541,0.173851037,0.07318843,0.572740073,0.700309378,-0.57869917,-0.312694823,0.269141368,0.141733364,0.27494274,0.808441487,1.032097153,0.201814948,0.817444771,0.989485585,0.834954364,0.049816873,0.872292619,0.691628638,0.402559054,0.923144183,0.062360302,0.018137614,0.72684315,0.527803716,0.811644442,0.021486841,0.802065482,0.412335262,0.500367021,0.253156807,0.790505362,1.291952696,0.248140828,0.49269359,0.119396629,0.841956332,0.234482351,1.068051445,1.072213698,0.594691796,0.99791236,0.690935505,1.050942358,-0.002068309,0.62158732,1.035411811,0.718072007,0.296525462,0.945876214,0.901437944,0.370667463,-0.312184167,0.310816891,0.140197311,-1.042318188,-0.388337217,-0.25114028,0.250864127,0.579838593,0.526950078,0.69597969,0.265927391,0.141221628,0.976082413,0.789633779,-0.153127075,0.299259968,0.557840729,0.437510694,-0.47039022,-0.090302826,1.460402007,-0.074656064,0.021580876,0.748460456,0.68588285,0.439757523,0.410514032,1.232837155,-0.157832644,0.568191641,0.479496962,0.844943627,-0.777970986,0.302132924,0.41259327,0.206856558,0.805691696,0.946421541,-0.13500095,0.266778729,0.553606929,0.899862514,0.150156883
Aspartic.acid,0.878163578,0.707376794,0.507232714,1.167429645,0.031472892,-0.091052784,1.002284867,0.163851993,0.891648085,0.419980214,0.67792183,0.389358781,0.515066249,0.546500398,1.089936759,0.505967181,0.724176063,0.156570829,0.516739827,0.44410018,0.668123239,0.504270914,0.853613511,-0.237961014,0.777363803,0.483641299,0.96427831,0.566605613,0.798716526,0.836045178,0.573847352,0.174606498,-0.641532863,1.079250339,0.934878878,0.19056384,0.275279814,0.557854842,0.439558659,0.869628865,0.851286959,0.455534685,1.045445831,0.621851987,0.686280495,-0.26602556,0.958247268,0.994229896,-0.149730297,0.674832041,0.527988162,0.51858619,-0.446240298,0.396381943,0.464266791,0.860384307,0.684920656,0.528551589,0.443920082,0.262387419,0.900372462,0.47816626,0.466566502,0.854277159,1.018979777,1.185016533,0.961081276,0.267359439,0.520555868,0.693994967,0.660970459,0.59238854,1.18050885,0.711171493,-0.055377024,0.556827809,0.674996625,0.41505133,0.174414487,0.962493769,0.523295318,0.596040364,0.606237054,0.575378019,0.932407257,0.631113399,1.071973678,0.98356427,0.299363719,0.815994968,0.68410754,0.324171946,0.476183425,0.771976438,1.129902939,-0.09221088,0.332901173,0.427774266,0.461653518,-0.037895777,0.436600035,-0.086870282,0.870733445,0.514377194,0.703484448,0.839568504,0.540877488,0.468084903,1.044834107,0.803806434,-0.272432464,0.745286001,0.588971249,0.041946796,0.797464082,0.646979415,0.427665983,0.820747594,1.353746112,0.696603856,1.005406569
Butanoic.acid.4.amino.,-0.584248845,0.144708063,-0.318759452,-0.224374607,-0.52664145,0.040320338,-0.681747916,-0.269885515,-0.093019201,-1.126490036,0.264858578,0.171773327,-0.397993392,-0.309124894,-0.078415509,-0.362462345,-0.452592876,-0.190841545,-0.279856885,-0.749825828,-0.770895861,-0.329150967,-0.166014282,-0.444778743,-0.372244353,-0.070596664,-0.490957285,-1.174719472,-0.4605953,-0.711244037,-1.218786512,-0.752062011,-0.501809613,-0.104936957,-0.200428306,-0.395581794,-0.480452109,-0.388050192,0.131945328,-0.749118209,-1.042415083,-0.784028449,0.636164937,-1.349316218,-0.31430362,0.18943107,-0.031971387,-0.159667151,-0.306004488,0.020345359,-0.979002925,-0.463183109,0.316804525,-0.406399212,-0.508432551,-0.499571818,-0.560182441,-0.591159489,-0.190196127,-0.441885017,-0.818728565,-0.263275904,-0.05830225,-0.355790794,-0.488942367,-0.042291694,-0.518353291,-0.073347505,-0.457621531,-0.028107935,0.552430347,0.521916783,-0.840383601,-0.197717863,-0.377799047,0.250071363,0.403295408,-0.077558091,-0.88033997,-0.722328406,-0.261769248,0.099829806,-0.603602434,-0.552948086,0.132380498,-0.526029909,-0.112604548,-0.644937014,-0.543617945,-0.083393277,-0.217379128,0.726189865,-0.546207761,-0.0156867,-0.439495449,-0.415524424,0.053855155,-0.442945172,-0.304741835,-1.096668548,-0.388764925,-0.303301301,-0.208744585,-1.059070005,0.000329794,-0.205846182,-0.218123631,-0.29531363,-0.333844222,-0.753076526,-0.584712526,0.358632739,0.080297744,-0.338428787,-0.774446949,0.505209679,-0.767873656,-0.18948765,-0.202707969,-0.940230114,-0.124975471
Citric.acid,0.547241884,1.055244838,0.056161732,0.915958949,0.721983497,0.540620508,1.306776454,0.051296818,0.983854775,0.33501673,0.620512124,0.618701606,0.622294857,0.889636984,1.153817607,0.809163807,0.372683686,0.226171435,0.191627232,0.598961362,1.091812642,0.155611549,-0.109433718,-0.251602592,0.45761829,1.233395372,0.982118656,0.474825067,0.786017539,1.058200053,0.499215091,0.674549101,-0.437752608,0.91777291,1.345954075,0.284066169,0.160034343,0.622495575,0.057784281,0.660826178,0.975204034,0.49958307,1.277845776,0.699031627,0.374441,-0.62261157,0.487104644,0.403066297,-0.114928472,0.016066393,-0.382150598,-0.322535551,-0.367909026,0.440632197,-0.270562805,-0.50415102,0.576252922,-0.411942655,0.145501008,0.340753898,0.61768305,0.439961448,0.708525361,0.375634713,-0.207950915,0.205516602,0.631847921,-0.033258566,-0.209204443,-0.332029187,0.007762617,-0.035377293,0.458973363,0.980489141,-0.306635867,0.773884979,1.0222843,0.540394196,0.260830932,1.260508107,0.551024311,1.161648448,0.480087696,0.228217773,0.896529553,0.458144459,0.660983383,0.828966772,0.766875592,0.439940748,1.461848438,0.641456353,1.088561518,0.923075838,0.797104934,-0.00448744,0.690926817,0.034360545,0.322554654,0.582097349,1.234995373,0.388306871,0.409091669,1.187651388,0.968327555,0.986480677,0.682940872,0.681169375,0.634780432,0.784036813,-0.054310598,0.927302155,0.578526967,-0.697385477,0.242960132,-0.387092789,0.228415287,1.411110636,0.555585295,0.802352231,0.864722132
Fructose,0.485030315,1.069109302,-0.958937121,-0.445012172,0.556972771,0.396759423,0.74238587,-0.414623181,-0.603450646,0.293912233,-0.525483137,1.718587017,1.818411969,0.871559205,-1.272275074,-0.786954479,-1.155772417,-0.187341956,-0.046569829,-0.478082228,-0.321886867,0.07485157,0.052114408,1.105471423,0.179232334,-0.04927914,1.200730596,1.074711218,1.477047411,1.378297867,0.999275077,-0.23604865,0.356638645,-0.050192089,1.354879782,1.021639796,1.026290398,0.020261283,0.04302888,0.031851825,0.706586454,0.794635006,1.348385523,0.750992616,1.400162952,0.329390994,-0.019823628,0.927602845,0.459484938,-0.234207334,0.80267664,0.534320445,-0.443942608,-0.072457192,1.193065,0.521522682,0.566311127,-0.006132298,-0.014560847,0.318391881,0.015256435,0.344174265,0.276933263,0.245335825,-0.101754808,1.151843001,0.292258775,-0.013637845,0.454638427,-0.151019498,0.539994907,0.821603915,-0.262978112,0.595658904,0.532040623,1.120951844,1.266406371,1.055013438,1.162052985,1.188410072,-0.269781799,0.75389698,1.439181386,0.308937829,-0.771650361,1.427260656,0.880183081,1.602403324,1.323851763,1.214607038,0.919941851,0.027034578,0.914585896,1.422909028,-0.139266466,-0.657171083,0.522067592,-0.114389827,0.345585556,0.718909122,-0.43286554,-0.104492041,-1.353657007,1.614619344,0.351548057,-0.875149772,1.77275361,0.179589255,0.243173224,0.744398368,0.669032615,0.896258875,0.738179418,0.871727433,0.859273395,-0.325576909,0.280696854,-0.208729613,-0.308676262,-0.505199623,1.212916295
Fumaric.acid,-0.007731798,0.091903302,-0.133997648,0.477714787,-0.646440362,-0.730170455,0.075622564,-0.380266281,-1.389470014,-0.601668235,0.341714446,0.610502078,0.41927404,-0.073463988,-0.22554393,-0.084409622,-0.266483835,-0.134719962,0.147959931,0.410132149,0.325895277,-0.043718454,-0.48571515,0.408998723,0.376029191,-0.270959647,-0.049413685,-0.643952789,-0.426997393,1.244051413,0.68587501,-0.037843857,-1.093491455,-1.085139843,-1.017321414,-0.739733041,-0.783648159,-0.553049842,-0.255611695,-0.957641391,-0.838405148,-1.413766598,-0.558998855,-1.275466731,-0.617592484,-1.776682599,-1.707075009,-0.004044976,-0.048338709,-1.114649867,-1.3318647,0.155870056,-0.077667453,-1.022698257,0.448996834,-1.157086385,-0.114075964,-1.408932141,-1.089506828,-0.802291034,-1.291990975,-0.139794999,-1.032067302,-0.285208355,-0.839259151,-1.226926578,-0.754944886,-1.272640022,-1.620504075,-0.655400143,-0.972186189,-0.817390599,-0.106604982,-0.999772488,-0.856444347,-0.352590742,-0.0592972,-0.692898438,0.5081258,-0.826440158,0.344520303,-0.497886878,0.077236354,-0.646440827,0.098121247,-0.219365722,-0.219338398,-0.137663041,-0.628145142,-0.3707234,-1.123212212,-0.359045329,-0.274245483,-0.327170877,0.521930458,-1.152811403,0.494016336,-0.695252547,-0.801195297,0.45627724,0.136133425,0.594691958,-0.555551862,-0.397689478,0.490814911,-0.349825448,0.660321487,-0.641169162,0.372353983,0.095307759,-0.09231035,0.104532779,0.362745277,-1.239093968,-0.197713834,-0.799576711,0.221200213,-0.405861323,-0.162389901,0.036751657,-0.529193074
Galactinol,0.594795727,0.643739484,0.007677011,-0.303045739,-0.167979491,0.189835738,1.038004527,-0.198841924,-0.127266298,0.85589618,0.339367592,1.210234238,1.720891034,0.626055672,-0.494642039,-0.328352713,0.494971588,0.349917999,0.641452435,0.51719953,0.515346839,0.144281167,0.206560624,0.84903867,0.39981261,0.646742485,1.321926299,0.464083291,1.270220378,1.003136314,0.622954375,0.226118971,0.213575618,0.127843021,0.446319084,1.264378053,0.958328919,-0.330026521,0.245306622,0.310699914,0.203158883,1.599236389,1.003120657,0.668063701,0.456718977,0.725709117,-0.428809699,0.735973375,-0.043124574,-0.164549513,-0.069168568,-0.496763903,-0.111805416,0.986025791,0.330145204,0.04719094,1.164222191,-0.053268827,-0.0696399,0.317538983,0.123220392,0.870311253,0.462981825,-0.069756245,0.831590665,0.261333633,0.650299901,0.400045232,-0.200893099,0.336937675,0.261618783,0.232645405,0.682705564,1.066021266,-0.280340594,0.673042728,1.756468074,0.672690737,1.087658605,0.220038778,0.213996443,0.980858674,0.694972445,0.147203039,0.421024385,1.206335064,1.661129919,1.009124528,0.828327705,0.986595216,1.603199027,0.812273749,1.123924766,1.108200873,0.677358049,0.331638346,0.477256087,0.472546053,0.211932771,1.364954614,0.474925815,0.859365983,1.017129823,1.169250657,1.387476129,0.610582159,1.006224927,0.887833848,0.697379574,0.871396061,0.665948505,1.026222204,0.086461182,0.695624259,0.575435958,0.023531271,0.49433892,0.625913836,0.839081485,1.046525079,0.481214968
Galactose,0.065335445,0.262664307,-0.364577896,0.196813635,-0.844888762,-0.360016905,-0.321288278,-0.58257817,-0.425361303,-0.627930175,0.114852355,0.473418991,0.812519683,-0.852328561,0.272638855,-0.800494207,-1.265503579,-0.174245178,-0.73506457,-0.45228897,-0.481711759,-0.54160701,0.098375768,0.018664641,0.15564156,0.126436398,0.205941765,-0.195237631,-0.291288065,-0.321723497,-0.006809203,0.194345477,0.156919853,-0.693460593,0.287175193,0.604931039,0.232162043,-0.578457357,-0.328327661,-0.703241485,-1.231653345,0.239621166,-0.056587617,-0.471711697,0.161579348,0.270574934,-0.994166781,-0.404606691,0.002359104,-0.510497974,-0.021537364,-0.560859294,0.21973215,-1.269562525,-1.418576425,-0.735640489,0.126383659,-0.405764346,-0.454968531,0.149698208,-1.18893182,-0.463785117,-1.101919199,-1.35339935,-0.989901212,-0.608952433,-0.632031523,-0.239908389,-1.104899759,-0.374129345,-0.237083602,0.235729738,-1.011763734,0.185974756,-0.214749072,0.104735773,0.702585193,0.243905346,-0.199072121,-0.229712344,-0.457679967,0.475817483,-0.429395176,0.466642084,0.033543114,0.418039805,0.19433007,0.424421771,0.004936445,0.176190338,0.104784921,-0.082993886,0.078315851,0.810450715,-0.200051666,-0.143177888,-0.463815594,0.070703733,0.082295203,-0.654993698,-0.266034589,-0.695886007,-0.751136521,-0.955974012,-0.684968923,-0.326375758,0.729041691,-0.312972016,0.006904103,-0.855774255,-0.376350575,0.365184934,-1.777194529,0.382899385,-0.797628987,-0.136421387,-0.117496012,-0.104745118,-1.191246319,-0.546435008,0.208393271
Glucose,0.29827073,0.76120038,-1.467028188,-0.772891337,0.622292872,0.290272972,0.759111709,-0.21241186,-0.471705356,-0.275383217,-1.021244471,1.454488386,1.957475836,0.750830834,-1.277071897,-0.798491279,-0.788899659,0.028239226,0.303816024,-0.420210035,-0.345059299,-0.07007637,-0.192317575,0.927415544,0.257774282,-0.473994217,1.051894323,1.027056075,1.368013937,1.368893383,1.000221374,-0.162613036,0.352316488,-0.214028189,1.233938787,0.904319776,1.023687334,0.367168163,-0.457879379,-0.079617572,0.771035232,0.42399297,1.041172021,0.417782551,1.272146378,0.237184188,-0.123173939,0.476662912,-0.335413343,-0.633959229,0.667166946,0.094249425,-1.022856795,-0.835276579,0.671144951,0.212359952,0.362599881,-0.301732237,-0.062739771,-0.180164718,-0.257603925,0.100490711,0.070650376,0.056527981,-0.090868237,0.856642753,-0.184158939,-0.202670233,0.112257371,-0.458908175,0.274621587,0.649094384,-0.701874996,0.274584217,0.269097779,0.800729247,1.135980306,1.121503691,0.777130176,0.924729678,-0.310865239,0.996148224,1.028443412,0.797385494,-1.025275569,1.49185242,1.285137114,1.517334486,1.083176263,0.906669657,0.741420064,-0.047957968,0.646052387,1.388764076,-0.438414368,-0.695742077,0.518116032,0.111060409,0.489763494,0.406905602,-1.244137322,-0.631161334,-1.698028349,1.842911947,-0.29705981,-1.022940571,1.660969969,0.047067681,-0.26389394,0.584887398,0.53098877,0.611447996,0.392324127,0.89485562,0.93011908,-0.539642946,0.256931115,0.135350226,-0.31300835,-1.156146863,0.852667659
Glutamic.acid,0.738813094,0.484838602,0.767880169,0.940849943,0.455086634,-0.169783096,0.505118101,0.520818802,0.56966793,0.895487886,0.540029904,0.539756443,0.449811667,0.116940597,0.974105129,0.828121058,1.322572839,-0.184272095,0.628439816,0.575890461,0.64310183,0.463633786,0.677405626,0.578729593,0.149693826,0.247632435,0.527361818,0.018515946,0.178556359,0.401977868,0.10012309,-0.127449207,0.399528969,0.651311369,0.489106055,0.375370549,0.344018674,0.250534378,0.236028486,0.258837087,0.981848886,0.231554144,0.275442269,0.111838718,0.428952348,0.421045877,0.913132477,1.412738509,0.454252119,0.862831311,0.400035397,0.093407482,0.890517289,0.514778819,0.225823702,0.504204457,0.859547855,0.359596739,1.362628549,0.508149379,0.202691067,0.700604877,0.506650326,0.681457763,1.374855688,0.642901695,0.955904205,0.577609279,0.654764839,0.772472875,-0.186805627,0.038392594,0.947512297,0.79365728,0.494001783,0.513253863,0.50283151,-0.124376662,0.083328409,0.712017053,0.502712025,0.559364842,0.470897335,0.42372985,0.496178444,0.362500334,-0.1165081,0.691660569,0.375226438,0.214897141,0.469296284,0.315396117,0.908966223,0.219717643,0.834264121,0.385016913,0.25698653,0.636077313,0.502929122,0.853236633,0.828782345,0.750823131,1.043134798,0.602706946,0.815130825,1.122248701,0.244545352,0.771035016,0.549260926,0.993829203,0.197368288,0.590000478,0.805548492,1.011061086,0.581964344,0.442246515,0.469351451,0.653871174,1.102243222,1.022928262,0.535771887
Glutamine,0.668785247,0.139320491,0.482322816,0.84387489,0.313551727,-0.2130161,0.634174143,0.13089026,0.161737238,0.477822449,0.476323292,0.554118007,-0.039044917,0.703596765,1.046309346,1.009853919,0.102063861,-0.014996391,0.631930767,-0.263550923,0.350146382,0.597086354,0.613711769,-0.211448259,0.018781,0.777484856,0.533643432,0.091002537,0.224603354,0.545466737,0.558992593,-0.432923176,0.105425406,0.767731373,-0.036787997,0.182356779,0.65260717,0.699902138,0.29002202,0.655822559,0.956082642,0.417483049,0.134537007,0.551632558,0.418899541,0.188697061,1.436580981,-0.421564451,0.218164398,-0.132053608,0.416939239,0.598144265,0.081842322,0.719108984,0.006495672,0.522604883,0.483226132,1.010088121,0.459776428,0.250693645,0.381931954,0.520482504,0.809784302,0.563955001,0.751747091,0.926640092,0.966976058,0.886594805,0.739204022,1.404403493,0.014128796,0.649014729,1.254810148,1.015639,0.476672863,0.512683657,0.517046727,0.121392166,-0.480610706,0.313591667,0.401474786,-0.801399922,-0.186000007,-0.392922489,0.602466665,0.304184559,0.403685642,0.551779945,-0.226381476,-0.159453209,0.752650894,0.159144834,0.08834181,0.089106571,0.839106285,0.585076455,-0.314079034,0.260912426,1.181781761,0.236209279,0.341577589,0.614250969,0.688428545,0.164040345,0.5707484,0.942210049,-0.149605814,0.882620479,0.650405397,0.635816011,-0.327104013,0.317509137,0.199472277,0.092636993,0.875480226,1.040528371,-0.049805614,0.762649898,0.757548144,0.909226374,0.59180263
Glycine,-0.86643786,-0.814205997,-0.166095335,-0.815693447,-1.048501591,-0.715571077,-0.833577894,0.0924117,-0.742052249,-0.920128064,-0.073492248,-0.375628466,-0.813017363,-0.35583217,-0.827431142,-0.423103584,-0.905661957,-0.730671047,-0.379164694,-0.953430332,-0.445034707,-0.56282828,-0.731919238,-0.325259972,-1.036367318,-0.78795581,-1.18046601,-0.718653282,-1.127965045,-1.047845027,-0.862455507,-0.777114093,-0.385042312,-0.186029624,-0.711366221,-0.564889293,0.254631383,0.303655913,-0.549174624,-0.234293402,-0.503501947,-0.894096963,-1.250278239,-0.92478385,-0.372086792,-0.306738155,-0.48175653,-0.716403373,-0.53462369,-0.027050723,-0.327604527,0.628329926,-0.506286331,-0.484865511,-0.405272722,-0.564912192,-0.137102812,0.231017427,-0.407374536,-0.015582702,-0.771571758,-1.175466875,-0.796609549,-0.453693944,-0.596865724,-0.687107266,-0.866291923,-0.394014738,-0.332497682,-0.29528489,-0.230593931,-0.965191581,-0.570474741,-1.05214336,-0.401850555,-0.746563613,-0.673784766,-0.93618109,-1.368706199,-0.849104007,-0.32316948,-1.258106439,-0.644491221,-0.85840937,-0.976339724,-1.149853868,-1.062057601,-0.927549996,-1.416044869,-0.92803713,-0.140718846,-0.440525749,-0.351056147,-0.8447441,-0.70076993,-0.066386545,-1.189633832,-0.201224784,0.325330771,-1.972054174,-0.537035215,0.45832938,-1.24465546,-0.707770836,-0.805776188,-0.521152595,-1.831518838,-0.698581221,-0.304784474,-0.775837064,0.234290478,-0.862106815,-0.767917115,-1.444027323,-1.203370077,-1.048349412,-0.347484652,-1.116923322,-0.702231192,-0.340196917,-0.922518291
Isoleucine,-0.659210233,-0.517625526,-0.179484529,-0.982050983,0.35100841,0.730739779,-1.051937183,-0.103838305,-0.512267553,-0.324695981,-0.418098602,-0.622590785,-0.577134505,-0.399264258,-0.84500906,-0.056082614,0.093978854,-0.039305102,-0.177839757,-0.081807275,-0.337587655,-0.256488007,-0.390189751,-0.353025138,-0.605942777,-0.181711983,-0.655623188,-0.015743319,-0.595342749,-0.702166232,-1.429727238,-0.053134046,-0.356010896,0.083956553,-0.564387417,-0.621948257,-0.587846973,-0.200713398,0.261260229,-0.314410718,-1.232388879,-0.460688689,-0.164789499,-0.300503963,-0.405975404,0.077901279,-0.858360956,-0.201357193,-0.294838499,-0.22755075,0.003744676,-0.253238245,0.120637324,-0.630130802,0.009601169,-0.374439781,-0.732382606,0.18131578,0.165285831,-0.483921865,-0.11798568,-0.790370582,-0.515973824,-0.489084838,-0.062470127,-0.380544126,-0.35005917,-0.050390412,-0.329215916,-0.352528011,0.115939223,-0.852754975,-0.640409606,-1.00472076,-0.422150621,-0.313205695,-0.718021512,-0.479854055,-1.207880992,-1.211090115,-0.430065776,-0.64669584,-0.650202547,-0.014922478,-0.318705891,-0.525386534,-0.003878649,-0.269809627,-0.029916798,-0.917533989,-0.527371729,0.126838084,-0.425186346,-0.157124748,-0.667554156,0.009388411,-0.506043906,0.019962438,-0.622296842,-0.405159181,-0.621366753,-0.447364555,-0.987884011,-1.066872668,-0.936572728,-0.090654957,-1.271821056,-0.568771294,-0.596897631,-0.925763245,0.085162831,-0.590738148,-0.369746165,-0.157785012,-1.343881572,-1.354881031,-0.933352243,-0.971594461,0.027754505,-1.148684177,-0.447180808
Lactic.acid,0.042397177,0.735181637,0.319507541,-0.080323831,-0.240550441,-0.482708587,-0.090815078,0.048482443,-0.40687006,-0.138019438,-0.508487698,-0.56217164,0.444024293,0.18793703,0.839335485,0.03862305,0.938012714,-0.061359873,0.333459608,0.885310737,0.827522667,0.395410891,0.334490321,1.004033724,-0.651151443,1.012993581,-0.467324899,-0.204944432,-0.889338639,0.067598577,-0.707943901,0.027149307,-0.076388867,-0.193059231,-0.227169423,-0.005992382,-0.181325086,0.407884162,-0.49381592,-1.170574593,-0.413343781,-0.715674946,-0.581091809,-1.075989165,-0.657089652,-0.528268116,0.053590855,-0.581584884,-0.129624189,-0.168331761,-0.774880203,-0.924849751,-0.406058125,0.04367729,-0.967359418,-1.022180279,0.119662018,0.076912888,-0.347141894,-0.134110762,0.113240787,0.516157382,0.271939926,0.14315965,0.132534224,-0.695100509,-0.151916675,-0.441613918,-0.176736527,0.396100677,-0.665210414,-0.721545994,0.144258096,0.486649674,0.143774646,-0.254948063,-0.132634397,-0.433679053,-1.284426822,-0.148506012,0.32073387,0.024743541,-0.748029542,-0.494590206,-0.431335764,-0.225527442,-0.580000476,-0.088410519,-0.180602504,-1.062331082,0.102489891,0.148060044,0.341459031,-0.762009409,0.126918503,0.752370434,-0.239084159,-0.458767229,-0.7267781,0.304112208,1.018089529,0.284398464,0.737351129,0.486043618,0.975880387,0.681794034,-0.21024293,-0.377102056,0.020253043,0.991493633,0.434802726,0.027821681,0.734073239,0.082627408,0.649773277,-0.581292573,-0.437731202,0.562901551,0.31239164,1.667927216,0.122714916
Leucine,-0.122310775,-1.181239155,0.28016284,-0.861354281,0.1735229,0.945303342,-1.130571234,0.097919661,0.313713064,-0.057745488,-0.171474443,-0.906009256,-0.90263559,-0.329487956,-0.139077279,-0.197815694,-0.414072329,0.07357115,0.055660196,0.029854832,0.130616959,-0.14339816,-0.488969368,0.269056423,-0.771204082,-0.157856654,-0.904947244,-0.487797587,-1.20679078,-0.268140031,-0.834375328,0.109901809,0.253675245,-0.174280923,-0.202442099,-0.483925988,0.022560065,0.020099798,0.295423552,0.044456739,-0.805083638,-0.347978426,-0.380695805,0.072526767,-0.627870523,0.124595785,-0.379117018,-0.740035985,-0.202526046,0.190465973,0.127043609,-0.0965022,0.17174287,-0.4073911,-0.287483344,-0.488968791,-1.796804228,0.031243903,0.400498669,-0.621014006,-0.055586108,-0.088818763,-0.42233102,-0.106903381,-0.397015728,-0.74077715,-0.933289576,-0.381107786,-0.445153522,0.154160178,-0.446729801,-0.728415882,-0.787429244,-0.708174193,-0.026216331,0.260036007,-1.080886338,-0.350583655,-1.405815693,-0.822301081,0.009488998,-0.517606365,-0.169965711,0.076729443,0.416208797,-0.806923935,0.042442406,-0.542427636,0.24772743,-0.727635115,-0.731636793,0.27520605,-0.498553857,-0.003434432,-0.375259445,0.506921408,-0.408261151,0.098930616,-0.39098979,-0.506752469,-0.004202719,-0.415473649,-0.735503998,-1.513602629,-0.687702973,-0.779046094,-1.392858345,0.054758544,-0.091475122,-1.374985997,-0.161974088,-0.919184715,-0.216976047,0.034706736,-0.709752715,0.417424686,-0.484946523,-1.221252921,0.008956011,-1.17033693,-0.013125051
Lysine,-1.161108827,-0.62062289,0.066196281,-0.000982709,0.453692319,0.251134686,-0.661641954,-0.160843897,-0.612310744,0.150856201,-0.367077129,-1.214964623,-1.213732949,-0.493623345,-0.268751542,0.047517676,0.080989667,-0.035361907,-0.371077975,-0.236302243,-0.84625148,-0.688518869,0.026548213,-0.378308165,0.004651426,-0.269477237,-0.277301886,-1.584926534,-0.309951217,-0.642350669,-0.218565872,-0.399481675,0.094149478,0.13060832,-0.465896826,-0.880781115,-0.725260587,-0.11216412,-0.382479614,-0.211620678,-1.345345818,-1.445694187,-0.968928516,-0.722761053,-1.307619689,0.079294567,-0.010882792,-0.888075318,0.024263364,-0.628958308,-0.318552013,0.126178137,-0.564720251,0.110918815,-0.987535716,-0.02439479,-0.295803179,-0.779124129,-0.269299446,-1.076539024,-1.152416585,-0.466288381,-0.480704494,-0.113771181,-0.965638128,-0.485956159,0.003176965,0.372554587,0.090436325,-0.663863726,-0.138826968,-0.380719171,-0.181175323,-0.216850609,-0.44139998,0.122004907,-1.190690405,0.252012846,-0.397784715,-0.568282633,0.06870155,-1.401722603,-0.371743709,-0.550488664,-0.110517884,-0.874909243,-0.108335799,-0.600737727,-0.517082511,-0.417287299,-0.600107822,-0.730100367,-1.162087817,-0.235765535,-0.089712997,0.20888529,-1.608318362,-0.184815354,-0.294324159,-0.171638543,-0.483935634,-0.421609267,-0.620387535,-1.234492427,-0.418189891,0.05319997,-1.319105281,-0.375642509,-0.442003848,-0.355560403,-0.338904748,-0.393736905,-1.300731673,-1.02994795,-0.26919547,-0.716386907,-0.358587082,-0.379407283,-1.138443455,-0.433423126,0.54293223
Malic.acid,0.87525612,0.914301328,-0.051473158,1.239502377,0.247353357,0.381718369,1.136002081,-0.017890146,0.418917052,0.566717437,0.675120845,0.294279231,0.744541935,0.93522929,1.037191497,0.826853627,0.946498265,0.362518543,0.543938,0.686649445,0.605972065,0.484607411,0.391201115,-0.177701001,0.591069291,0.862491919,1.267307543,0.535814731,0.543134474,0.674083057,0.701125631,0.590075896,-0.76740667,0.546542224,1.035972161,0.248419954,0.253608601,0.194020496,0.641853316,0.477616663,0.748104609,0.208329801,0.498209229,0.014153619,0.922164431,-1.473894494,0.408284845,0.364503361,-0.306778874,0.044554784,-0.638192126,-0.092674019,-0.677903288,0.696902189,0.19771438,0.229810151,0.393694109,-0.383436363,-0.206269611,0.516877391,0.865916867,0.418383966,0.505727483,0.947984281,-0.4243408,0.504081889,0.686933679,-0.288736304,-0.093360622,-0.641114665,0.245929026,0.317405931,0.627349164,1.047902569,-0.03749219,0.119244454,0.765895141,0.481828485,0.133814061,0.868259178,0.2081911,1.211397277,0.742526521,0.446644121,0.824653547,0.626476007,0.420064523,1.14397477,0.347720952,1.28014981,1.487563937,1.384476301,0.538456121,0.650429833,0.671769434,-0.416264188,0.484890197,0.200006746,0.349326089,0.368868085,1.158373842,0.415299297,0.938720153,0.558821881,1.359985709,0.966567731,-0.086833712,0.036454779,0.815705588,0.460048201,0.505420639,0.969133011,0.71488089,-0.89407503,0.52685941,0.029714783,0.321405997,1.367780783,0.98468442,0.31728053,0.570221228
Maltose,-0.895001212,0.071596568,-1.162916011,-0.303184132,0.142346432,0.880836625,0.243199886,0.440194063,0.485854222,-1.118056579,-0.441073567,-0.276080899,0.346026509,0.121401873,-0.134309961,0.010385256,0.0026591,-0.504995975,-0.417460485,0.431247657,-0.843152922,-0.613700379,-0.827130238,-0.1278083,0.235948129,0.300598776,-0.263285046,0.235138146,-0.078690646,-0.817800409,-0.537242789,1.122222639,1.369442126,0.507560093,-0.304064646,-0.323488897,-0.416207841,-0.804128819,0.112214676,0.105116519,-1.442235377,0.418425174,0.650564338,0.239136614,-0.250118254,0.295536293,-0.678749479,0.653866271,0.072224077,-0.342872469,-0.329753398,-0.345323618,-0.359324556,-0.350265401,0.846979329,0.08267512,-0.303711803,0.044474922,-0.1460144,-0.456917698,-0.950801711,0.056473411,-0.404841267,0.105115719,-0.70074323,-0.219670088,-0.491714405,-0.203442667,-0.169036183,-0.587731414,0.205846922,-0.32198036,0.248955564,-0.502674262,-0.082173883,0.092952459,-0.108100051,0.213486337,0.361100605,-0.389890685,0.32801936,1.228679167,0.791950786,0.853910797,-0.257061869,0.845617564,0.282636206,0.108324668,-0.154512986,0.387612651,-0.67132402,-0.70781888,0.996542658,0.818007641,-0.044762306,-0.230015523,0.364844742,0.76044272,-0.244283132,-0.005943223,-0.177628099,-0.526279366,-0.859141522,-0.510585838,-0.417626073,-1.26939366,0.319075718,0.157507199,-0.125477986,-0.353387814,-0.522941166,-0.244201774,-0.07239467,-0.470100088,-0.143003135,0.205021504,-0.588751088,-1.121640634,-0.978666984,-0.61430458,0.617336842
Myo.Inositol,0.55408425,0.80032897,-0.059454961,0.827231894,0.878372463,0.584927575,0.581461914,0.609013506,0.653987813,1.655124095,0.404616673,1.145242605,1.342813021,0.023101132,0.634158397,0.568108395,1.166869238,0.726972678,0.787612284,0.994961121,0.454415007,0.449827289,0.336530967,1.343917106,0.516331243,0.071995808,1.005881596,0.849414152,1.185566469,0.899331278,0.80044302,0.652826756,0.932347004,0.753593846,0.709069039,1.174130298,0.660960558,0.369002696,0.116657058,0.153448139,1.223577306,0.891364548,1.026599528,0.489036607,0.106371643,0.697819988,0.004632139,1.028026924,0.649466531,0.810806649,1.115852697,-0.253685629,0.346698372,0.641803186,0.619656201,0.809852856,0.767325879,0.588636808,0.603925687,0.755048252,0.759538257,0.69229611,0.587141694,0.240562752,1.341908868,0.719384028,1.235438239,0.585683135,0.690343988,0.157989948,0.644223272,0.795997602,0.491117042,1.238861226,0.384273497,1.0195035,1.135235851,0.97063484,0.839871733,0.746483623,-0.304989946,0.680995504,0.966409519,0.68950722,0.612115323,0.933166333,0.982589053,0.920038443,1.330541954,0.989482669,0.673128635,-0.292652528,0.758040304,0.633512522,1.080237175,0.271291966,0.452771555,0.963701649,-0.072273317,1.128153217,0.447905314,0.450446464,0.682111937,0.511085755,-0.311166136,0.501340597,1.37513107,0.240171322,0.481734251,1.088995151,0.609438277,0.824792897,0.274479388,1.639149792,0.429964277,-0.083597862,-0.013729502,0.608144551,0.755847094,0.476348211,0.918311321
Ornithine,-1.2025634,-0.626497586,0.687741885,-0.055336129,-0.556666905,-0.633859827,-0.744921111,-0.147061875,-1.039020869,-0.722341402,-0.503504615,-0.413351855,-1.255677302,-0.079711819,0.18444982,-0.024851307,-0.918177698,-0.754777069,-0.223435129,-0.494180729,-0.342224685,-0.21840936,-0.151083035,-0.021115691,-0.466570504,0.061281196,-0.623074432,-0.941196561,-0.571584127,-0.502506109,-0.771890797,-0.505913141,-0.157598016,-0.590224876,-1.213737488,-0.233768655,-0.488332057,-0.317055367,-0.285142023,-0.57988354,-1.416828826,-0.747279415,-0.596903211,0.218035675,0.477614711,0.018314336,0.13647022,-0.748223602,0.026997021,-0.56141338,0.120818934,-0.132173855,-0.356829773,-0.36401844,-0.380669228,-0.237162568,0.497797812,0.159121198,0.200202317,-0.500881131,-0.181015123,-0.083194227,-0.261571275,-0.273900556,-0.474663448,-0.109519691,-0.100320201,0.175613972,0.154812966,-1.023186087,-0.023964484,-0.59189552,-0.169754619,-0.179616694,-0.430819858,-0.383802403,-0.813835271,-0.667967349,-0.925807842,-0.439076839,-0.230844174,-1.441159439,-0.679311061,-0.813556866,-0.372731549,-0.84155436,-0.237787158,-0.478416233,-0.276356363,-0.817394534,-0.538680898,-0.981257352,-0.560911909,-0.376536127,-0.480356637,0.281044011,-0.813462031,-0.422597167,0.256574531,-0.965597983,-0.230663117,0.289990608,-0.888766331,-1.029857002,-0.09228367,0.055766478,-0.611451908,-0.119180966,-0.666896257,-0.389265562,-0.852596111,-0.465334492,-1.39634761,-0.358647251,-0.392595186,-0.260193823,-0.441914706,-0.21791579,-0.885704896,-0.704141018,-0.158106031
Oxoglutaric.acid,-0.712833069,0.032610108,0.179220875,0.329155729,0.317976737,0.144209474,0.145627109,-0.335990125,0.380975692,-0.048156362,0.480822102,0.466395829,0.079267391,0.867621447,0.264662932,-0.059322935,-0.01719962,-0.373774335,-0.504527854,0.572555724,-0.292967372,-0.871709441,0.486847628,-0.752950416,0.251954701,0.151185234,0.689967819,-0.552673516,1.059169161,0.472802623,0.707828443,0.279108693,-0.607428434,-0.123865546,0.478786379,-0.408950333,-0.259288077,0.01175849,0.277021237,0.72179529,-0.021863304,-0.18515481,0.337645164,-0.680438321,-0.133336229,-0.753364589,-0.429368923,-0.140034966,-1.167328328,0.452772469,-0.106245187,-0.332252545,0.268735646,0.114853169,0.218860364,0.009340344,0.468977116,-0.259377472,-0.070113622,-0.333834299,0.438589005,0.205111376,0.55835421,-0.021405721,-0.968581814,-0.113094815,0.283813979,-0.697410731,-0.584840627,-0.281793632,-0.060575464,0.483383957,0.063470681,0.180359965,-0.205223258,-0.67465502,-0.025642578,1.660019988,0.461448,0.383822367,-0.592557223,0.008720175,0.445400444,0.0972398,1.644935765,-0.060685054,-0.985614425,-0.224923883,0.005160047,0.986021383,0.945393785,1.162161249,-0.332030521,0.599082665,-0.476788801,-0.104561288,-0.961541556,-0.212599011,0.33261625,0.490506688,0.78054136,-0.466234753,0.503841688,-0.513786287,0.74398867,0.101081363,0.007134358,0.719624513,-0.331870725,-0.474623228,-0.526482438,-0.01116766,-0.689030832,-0.815048968,-0.151471335,0.285716615,0.174571832,0.128727723,-0.079598914,-0.005602117,1.097840006
Phenylalanine,-0.471667717,-0.633395949,0.037533675,-0.504328766,0.578259013,1.08645664,-1.328273414,0.710109109,0.072056822,-0.854518328,-0.340000338,-0.252278233,-1.101018842,-0.202328125,0.143509217,-0.034840054,-0.146967907,-0.158343938,-0.084142305,-0.03143541,-1.375682831,0.087116935,-0.23537227,-0.079054973,-0.371117573,-1.010775556,-0.761903978,0.543689732,0.08961308,-0.47532369,0.164593886,-0.187917635,1.847875248,0.46431827,-0.686383296,-0.317061028,-0.249333857,-0.916137208,-0.160013,0.302721513,-0.03940246,-0.713298852,0.142152004,0.532450462,-0.069409824,1.210923081,-0.207645972,-0.005357817,0.299713148,1.412935522,0.179520834,0.572961595,1.118222608,-0.693070709,0.50475052,0.698118914,-0.559029351,0.077692927,0.715211513,-0.58411715,-0.21442702,-0.561845227,-1.215291917,0.093273465,0.130341786,-0.156159567,-0.125039023,0.283487251,0.019232117,0.503140925,-0.143508263,0.002023277,-0.440692469,-0.828822447,-0.387065108,0.410923279,-0.147345424,0.506972608,-0.006035914,-0.063201374,-0.297087869,-0.785616893,-0.749881847,0.074172051,-0.478845,-0.520914575,0.063441117,-0.372357967,-0.523223038,-0.254686164,-1.226415846,-0.677246322,-0.872815227,-0.089702705,-0.386820579,-0.040538179,0.135212866,0.141352506,-0.645886657,-0.496947686,-0.812378172,-0.567578273,-0.15038848,-1.222194015,-1.148385779,0.071846527,-1.424420604,-0.507889351,-0.446903485,-0.375231663,-0.498386613,-0.662101543,-0.600734717,0.919789898,-0.542419861,0.020294594,-0.388960752,-1.022532872,-0.430594224,-1.154466471,-0.697272286
Proline,0.442046816,0.505285789,0.823418193,0.553535407,0.313353208,0.191096934,0.705706829,0.107829838,0.262442626,1.144436529,0.368459147,0.983872723,0.625845529,0.190697368,0.656740538,0.794236236,1.307296199,0.679504163,1.260961416,0.926585144,0.709029626,0.730456507,0.668764057,0.920136388,0.394739749,0.872177098,0.439151505,0.515349268,0.687932897,1.016182574,0.403590362,0.669178813,0.731009792,0.788291349,0.988800829,0.580085927,0.804861239,0.074338857,0.755613067,0.758230784,0.774844281,1.102798104,0.814688318,0.450590506,0.177683498,0.908002885,1.116262775,0.95280457,0.359134027,0.45863437,0.623359387,0.046829383,1.115213996,1.20894745,0.48241138,1.157924372,0.938939894,0.65600647,0.609717532,0.90867223,0.998449281,0.860110872,0.476903811,0.225793156,1.41987471,0.852975282,0.719533256,0.863684192,0.776624191,1.45193985,0.298130586,0.739681682,1.160512474,0.612262782,0.341769792,0.70225949,1.366599584,0.137277413,0.327678931,0.751074084,0.385488428,0.540428578,0.084079145,0.489933657,-0.570129152,0.756708393,0.54874451,0.786920539,0.279356962,0.053652015,0.922672492,-0.053304733,0.95538046,0.481838999,0.467781665,0.77743283,0.588366694,0.451089365,0.590428708,0.248108928,0.737674235,1.433089042,0.966461275,1.081933357,0.9560137,1.171151816,0.113013378,0.951580516,0.755716583,0.549698327,1.030297604,0.677934314,0.36532618,0.825915586,1.035202659,1.114697919,0.43439394,1.028808855,1.119991195,1.398684066,0.502882911
Putrescine,-0.247988179,-0.254437706,0.276313492,-0.115215758,0.03576139,-0.042288776,-0.471251747,0.633943103,-0.904143485,0.06160675,-0.427983991,0.355077299,0.20971074,-0.535590521,0.63218686,0.191443176,-0.213026802,0.161998379,0.280866701,-0.262326437,-0.064007099,0.165653356,-0.037628082,0.32985851,-0.201165878,-0.318005635,0.051367824,-0.332578742,-0.531408111,-0.039125547,-0.017544728,-0.409037846,0.773059486,0.276045838,-0.892043588,0.30418976,0.460941694,0.403267898,0.260151926,0.276837175,1.018883401,-0.002143375,-0.445050221,0.344216286,0.073309685,0.413529394,1.028072956,0.157313384,1.063352568,0.782322832,1.057841784,0.65406146,0.42786648,0.82821358,0.483797428,1.315723738,0.134515645,0.895122282,1.162222673,0.546117475,0.170993157,0.627358278,-0.086924102,0.300517147,0.873490576,0.574208669,0.703572069,0.787195,0.984181195,1.676340634,0.175249889,0.324091058,0.75494844,0.747280615,0.576943292,0.149163256,0.044268952,-0.191501024,-0.415931164,-0.072224452,-0.402104352,-0.672163512,-0.095729546,-0.579522438,-0.540875377,-0.21436904,-0.415487307,-0.329265373,-0.282750981,-0.50985559,0.042607935,-0.399556308,-0.075101147,-0.032669275,0.288502114,0.405745536,-0.469672316,0.010378994,0.608799754,-0.286027937,0.107835082,0.613990916,0.266537482,0.0640898,-0.184095298,0.500140603,-0.221451761,0.411698452,0.009312057,0.357098967,-0.176901458,0.243818327,0.189571645,0.114657632,0.333137059,0.311678775,-0.109916112,-0.057741832,-0.188272747,0.511400126,0.064605285
Pyruvic.acid,-0.35368333,-0.349580335,-0.202104497,-1.086032926,-0.743979554,-0.372077558,-0.578495297,-0.495670608,-0.143407533,-0.884335631,0.111879849,-0.329498284,-0.43862864,-0.764107887,-0.311066335,-0.28540765,-0.410372296,0.523752617,-0.252286217,0.365903952,-0.637630635,-0.337397518,-0.069368247,-0.186142777,-0.623461098,-0.504620338,-0.597646269,-0.951266783,-0.222774952,-0.364943513,0.177645675,0.139694409,-0.68385009,-0.861067687,-0.548975132,-0.666166253,-0.73050555,0.033259404,-0.206509024,-0.463280006,-0.257854872,-1.083869082,-0.569420161,-1.446337935,-0.813544063,-0.684439769,-0.679317508,-1.079497174,-1.556450245,-0.316381628,-0.847429902,-1.037342009,-0.203398475,-0.790820008,-0.864741199,-1.502768316,-0.506392677,-1.3042682,-0.765932731,-0.608045733,-0.347855636,-0.547589726,-0.917756705,-0.471634985,-0.4740639,-0.928179671,-0.596085681,-1.231740323,-0.831605437,-0.917119529,-0.635850595,-0.090266684,-0.990226007,-0.292288653,-0.541323886,-1.092426876,-1.22602491,-0.051462522,-1.237154723,-0.624621264,-0.419696333,-0.005303923,-0.410845659,-0.50276106,0.197644159,-0.550157095,-1.162298285,-0.624362222,-0.904979993,-0.228731797,0.142765308,0.102182553,-0.64386683,-0.295953393,-0.861488456,-0.439768435,-0.655586433,-0.315041735,-0.306808492,-0.153599203,-0.007492723,-0.905137514,0.151187186,-0.385026785,0.43200246,-0.531309767,-1.371517029,-0.457911277,-0.804539479,-0.592630888,-0.519432507,-0.382308676,-0.122416953,-1.286646989,-0.732812254,-0.179036831,0.058997895,0.051151135,-0.060990031,-0.914389895,0.008401474
Raffinose,0.814505241,0.825323229,0.231883373,0.237163424,-0.092294095,0.137365546,1.00345465,-0.136271182,-0.220945659,0.776741024,0.146663422,1.316131663,1.781137762,0.373136363,0.118554629,0.021828098,0.254587475,0.222456589,0.585682046,0.399527193,0.480961433,0.049784745,0.110077664,0.532691589,0.206610802,0.823044921,0.934989391,0.272403781,0.953558212,0.936057375,0.598566057,0.311348862,0.340398436,-0.021217576,0.605944398,1.32464951,1.038366453,-0.006371198,0.304571506,0.385398166,0.062466673,1.383717854,0.748224425,0.166083341,0.230485693,0.531428339,-0.349129542,0.608906389,-0.185323491,-0.099999845,-0.064221882,-0.257732252,-0.117966662,0.927887798,0.185434195,0.046240164,1.145965221,-0.042510611,-0.210889459,0.400197926,0.080827505,0.846802211,0.309699852,-0.027079888,0.828742465,0.072729949,0.736555913,0.359771212,-0.114274863,0.296541057,0.190298991,0.2754893,0.832522111,0.990498411,-0.17316655,0.725800294,1.472034697,0.620973411,1.126922784,0.500495819,0.141105341,1.279439223,0.451240819,0.248739867,0.514170961,1.250040729,1.198346323,0.989261529,0.962218972,0.854134015,1.134955017,0.65783162,0.956320443,1.044322281,0.473279835,0.314148549,0.771099576,0.375770706,0.168032772,1.459018406,0.549607168,0.840891415,1.295232291,1.061874651,1.366184431,0.56119991,1.489618898,0.966710986,0.837581775,0.768689159,0.510855707,0.96876937,0.502497559,0.665586759,0.794320571,0.19301665,0.42059535,0.607631542,0.699674048,0.973214229,0.463936283
Serine,-0.144723322,-0.873713695,0.243879815,-0.523022626,-0.563236119,-0.730486222,-1.179817792,-0.618344914,-0.563115833,-0.191799292,-0.572732867,-0.203545495,-0.680274265,-0.648565852,-1.033198063,-0.752343327,-0.253313262,-0.333144855,-0.152108284,-0.669447615,-1.257032657,-0.001795606,-0.556367228,-0.72063893,-0.402140342,-0.807449186,-0.14267963,-0.004683446,-0.546505614,-0.717067205,-0.511080065,-0.741042767,-0.543309087,-0.650680237,0.481820392,-0.791541356,-0.465229225,0.232773103,0.024164687,-0.495983108,0.079294535,-0.062806457,-1.087507934,-0.724952393,0.501178781,-0.16544659,-0.978564483,0.022892015,-0.295538638,-0.544838055,-0.310451663,0.204769558,-0.716954147,-0.320773812,-0.632985369,0.007675638,-0.327183024,-0.608436776,0.010462522,-0.390497288,0.106143217,-1.184285341,-0.626896666,-0.733212124,-0.111326603,1.659064058,-0.595737496,-0.008524556,-0.549398053,0.044736891,-0.228227774,0.075322746,-0.733557959,-0.853973007,-0.887633394,-0.472445708,-0.717611614,-0.669943586,-0.642772224,-1.198050699,-0.894242504,-1.234574983,-0.740061747,-0.062772485,0.154115604,-0.418788665,-0.186084492,-0.330474893,-0.715594542,0.363108224,-0.220950443,0.919205442,-1.081401947,-0.678187731,-0.221850205,-0.675095825,-0.440261702,-0.10750337,-0.124033352,-1.537845199,-1.043400099,0.054482219,-0.255678942,-1.343778421,-1.197501025,-0.608835245,-0.866842603,-0.344787172,-1.025571602,-1.180387786,-0.368133652,-1.032625816,0.287482077,0.244563273,-0.358206505,0.271237789,-0.94817676,-1.790007312,-0.637488976,-0.308681673,-1.09700819
Spermidine,-0.486444267,-0.636801436,0.570331199,-0.900147292,-0.284770079,-0.636456398,-0.787275315,-0.24370726,-0.993215672,-0.958898798,-0.454160223,-0.689832648,-0.984024569,-0.724908114,-0.116282704,-0.088450005,-0.677724677,-0.020057521,0.113331547,-0.538366422,-0.284882643,0.09013386,0.066877094,0.057644567,-1.044541148,-0.242114403,-1.399948364,-1.546516767,-1.239880198,-1.336472863,-0.974867139,-0.97455778,-0.204123382,-0.360192718,-2.044447275,-0.799166516,-0.777299149,-0.517620235,-0.747468802,-0.668954246,-0.439388666,-1.634517948,-1.408145808,-1.0620532,-0.632812267,0.058312055,-0.442923812,-1.162056426,0.062876584,-0.627655974,0.009291893,-0.11323355,-0.404562468,-0.256021338,-0.540049606,-0.315055951,-0.145498076,-0.391735476,-0.729752555,-0.18583683,-1.01901987,-0.137538961,-0.262364557,-1.095129925,-0.163462657,-0.773445143,-0.428934511,0.605512366,0.003223062,0.099790655,-0.577303161,-0.969914444,-0.325144539,-0.448766667,-0.235451501,-0.80484521,-1.057474496,-1.54736803,-1.44703216,-1.337618568,-0.662262009,-1.102736754,-1.007804215,-1.064052681,-0.674112936,-1.424077771,-1.4280426,-0.89116176,-1.576255266,-0.852167568,-0.774481998,-1.714112737,-1.10994849,-1.138405324,-0.587496209,-0.274219001,-1.01115967,-0.410345958,-0.61899439,-1.503027106,-0.384566083,-0.228307009,-0.803933758,-0.513965465,-0.972739139,-0.388599444,-1.445188525,-0.144648106,-0.587124511,-0.25259981,-0.330183453,-0.456667219,-0.459208881,-0.688867678,-1.126170101,-1.065734049,-0.477225399,-0.625975596,-0.945164715,0.300268297,-0.627394786
Succinic.acid,-0.472998406,-0.553760483,-0.59353166,-0.305312723,-0.642356429,-0.629404219,0.167652552,-0.173443079,-0.51345688,-0.527657282,-0.590703764,-0.209490442,-0.445747339,-0.370189733,-0.379976167,-0.409515443,-0.157314979,-0.072202626,0.07861912,0.005850257,-0.436454654,-0.29679038,0.063446907,-0.416667952,-0.048037067,-0.298181572,-0.358246978,-0.284251381,-0.166690607,0.02889276,-0.270426411,-0.188366666,-0.500510011,-0.533444249,-0.350097072,-0.177314079,-0.451689253,-0.525639707,-0.042700467,-0.438837858,-0.487899607,-0.649218801,-0.270322554,-0.95831196,0.218324219,-0.388878285,-1.092616897,-0.458572816,-0.516936862,0.101636944,-0.928563796,-0.318176942,0.090961583,-0.513709257,-0.296978885,-0.953057636,-0.538383611,-0.990796843,-0.691634992,-0.069753965,-0.627131766,-0.915748068,-0.696629218,-0.676603395,-1.016721664,-0.549109661,-0.823916695,-0.999707078,-0.854090089,-0.848248112,0.017748984,-0.371839104,-0.716808743,-0.904442384,-0.018698258,-0.321499932,-0.113244459,-0.184511394,-0.129112131,-0.139704604,-0.133123722,-0.125192429,0.036475994,-0.258630249,0.180975565,-0.512284308,-0.413004592,-0.666512485,-0.269383622,0.056620029,-0.829631944,0.324950121,-0.44510091,-1.005252308,-0.658207338,-0.763170231,0.064753221,0.038311942,-0.673579279,-0.582559283,0.092749926,-0.006282993,-0.66173348,-0.42391871,-0.658753155,-0.610026231,-0.524030138,-0.562746566,-0.64670567,-1.113429784,-0.175441881,-0.872259327,-0.66771632,-0.954115889,-0.82963047,-0.789386379,-0.228361833,-0.449843332,0.155570491,-0.34050738,-0.481383743
Sucrose,0.414477346,-0.336797044,0.222394208,0.100858397,0.50643118,0.041288832,0.28894146,0.144825917,-0.612893995,0.63734498,-0.107646087,0.858461367,1.118180775,0.087714541,-0.116223588,0.257326539,0.75158169,0.22959352,0.342130084,0.494267042,0.137213688,0.358459984,0.358407852,-0.065610756,-0.205257671,-0.114907808,-0.190717372,0.096688271,0.402798266,0.754744964,0.101826514,0.935538795,1.177046112,0.632520835,1.125225151,0.973891179,0.741941099,0.325272885,0.669782962,0.517142634,1.096710426,0.138576356,-0.06409861,-0.470055988,0.194341973,-0.405453985,0.219130226,0.433316036,0.071002147,0.134324698,0.475735817,0.06325678,0.033064232,-0.135950356,0.623011697,0.354899068,0.370919147,0.551042437,-0.01334299,0.038916465,0.565020016,0.089119945,0.05112113,-0.210012201,0.785280059,0.109000902,0.529532264,-0.039329584,0.841172942,1.01258239,0.038214388,0.946053735,0.407844967,1.049537572,0.466446428,0.107880825,0.095571067,0.09969134,0.909528443,0.562504532,0.08970093,0.721329622,0.095884447,0.567746797,-0.009014338,0.235507792,-0.141427854,0.576123304,0.280530592,0.552162543,0.028041375,-0.653114622,0.481661551,0.10848511,0.000411709,0.809161718,0.44370981,0.45285637,-0.029560701,0.48062547,-0.164347971,0.52835625,0.766774397,0.041615855,-0.181589686,0.122174937,1.306318256,0.213209138,0.564492958,0.23413431,0.238849873,-0.199565961,0.587484529,0.570531223,0.633126954,0.484370895,-0.059519063,-0.104471653,0.680474421,0.767273571,0.095152768
Threitol,-0.785330029,-0.880249259,-0.486628094,-0.373131353,-1.162870578,-1.060222875,-0.761620831,-0.818644263,-1.134354324,-1.166553211,-0.668360677,-0.751373659,-0.974428337,-0.754586957,-0.362549502,-0.713615187,-0.828521646,-0.681976883,-0.560488707,-0.534387748,-0.489198698,-0.575757413,-0.65625262,-0.886224819,-1.170356044,-0.140906149,-0.841266475,-1.213828379,-1.054934888,-1.311545903,-0.918317471,-0.754845659,-1.01732237,-0.689128914,-1.339900069,-0.605398348,-0.818869763,-0.389932419,-1.121864271,-1.174011702,-0.864388965,-1.473906571,-1.272209567,-1.051216193,-0.930430096,-0.826943198,-0.899253787,-0.978722299,-0.825815499,-1.074667267,-1.329046115,-0.933948023,-0.94074299,-0.391537007,-1.157864563,-1.369920109,-0.791606916,-1.385651101,-0.939987274,-0.792997381,-0.754993676,-0.348422356,-0.464971575,-1.018117343,-1.138861226,-1.029544275,-0.987253543,-0.961651087,-0.686639091,-0.546812121,-1.052751821,-1.264349685,-0.533612796,-0.499495134,-0.892549082,-1.247535013,-0.694343404,-1.522390795,-1.419201425,-0.963474254,-0.77301032,-0.989737092,-0.778294808,-1.161398931,-0.895306729,-0.923278699,-1.167725945,-0.800033185,-1.185849376,-1.016159631,-0.249186251,-0.473305926,-0.659624634,-0.970818425,-0.549985675,-0.627098901,-1.08149801,-1.11045466,-0.606704444,-1.423395262,-0.077642299,-0.518673172,-0.561085647,-0.708715316,-0.211620184,-0.118678034,-0.919229052,-0.126448006,-0.470855696,-0.542073025,-0.908198981,-0.637026896,-0.453520951,-1.340988801,-0.853944591,-1.05327416,-0.584138527,-0.410058028,-1.040179075,0.023349227,-0.892027382
Threonic.acid,-0.107204125,-0.128601514,0.498384802,0.859877756,-0.366594331,-0.150432168,0.531428904,0.343747838,-0.339998446,0.079178122,-0.444622992,-0.133719856,0.141966602,0.134653613,0.241810321,0.218179319,-0.157175586,-0.108081813,0.212210109,-0.022927573,0.520654457,-0.282022977,-0.220332508,0.10649465,-0.039133217,0.552962902,0.694573807,0.352031854,0.314125888,0.45331644,-0.363224309,-0.021662449,0.386693488,0.235134413,0.508589224,-0.192461835,-0.011510824,-0.061823866,-0.147009364,-0.206850956,-0.224827891,0.17239658,-0.036062261,0.328730182,0.244094862,0.366779344,0.072553465,0.528622223,0.573626866,0.273504004,0.213376026,0.055978475,-0.028371649,-0.677291689,-0.029643176,0.492691509,-0.047287553,0.322844835,-0.045556452,0.517256947,0.186261774,-0.039457649,0.343378528,0.185918665,-0.25330943,0.143325365,-0.322696187,0.441300818,-0.117776384,-0.671341833,0.135194099,-0.013051035,0.000476005,0.146604389,0.264328031,-0.285439733,0.007014972,0.232422944,0.855717816,0.771284154,0.104763582,0.356467602,0.355899445,0.321757572,-0.400384625,0.434335244,0.35820065,0.665053274,0.68283916,0.640975326,-0.15622861,0.48121636,0.377765683,0.058290005,0.488933454,-0.313143877,0.15020377,0.406093707,-0.32173385,0.194511987,-0.240944324,0.055172754,-0.225033789,0.022441506,-0.900374454,0.03673084,1.14979677,0.241710382,0.34929416,0.101664002,-0.085867457,-0.581657627,-0.189257262,0.485132072,-0.558447653,-0.962941664,-0.089427014,-0.392776191,0.040332036,0.454649377,0.371914432
Threonine,-0.770735534,-1.163472347,-0.399148797,-1.172562613,-0.409838823,-0.832229409,-1.110222736,-0.481220351,-0.873693265,-0.660895114,-0.728638164,-0.594082809,-1.039395779,-0.669043186,-0.550762592,-0.491596513,-0.328909938,-0.798379035,-0.698154365,-0.749388133,-0.565230762,-0.55600359,-0.379340389,-1.098665807,-0.419939083,-0.859643782,-1.396150835,-0.530571794,-1.299460971,-0.602740091,-0.553937234,-0.887758226,-0.862894542,-0.626742971,-0.814086354,-0.967031856,-0.945651643,-0.04436817,-0.207538139,-0.633698641,-0.360111305,-0.8684683,-1.55992908,-0.558457685,-0.558556712,-0.690588798,-0.744829512,-0.685080814,-0.379989321,-0.515197162,-0.014412854,-0.072417038,-0.573532507,-0.769975833,-0.316168524,-0.383524159,-0.761751366,-0.129586232,-0.295214276,-0.600375684,-0.564971576,-1.147340033,-0.964735759,-0.988857899,-0.597080004,0.38025941,-1.042843566,-0.237874535,-0.671259949,-0.209538748,-0.502891254,-0.447080198,-1.18288378,-1.089295492,-0.927313631,-1.054780099,-1.15892384,-1.043366926,-1.987958293,-2.028591544,-0.327763387,-1.271280648,-0.975651868,-0.74127547,-1.054076582,-1.50419337,-0.596123337,-0.865208004,-1.20598744,-1.087487107,-1.206618418,-0.62169027,-0.930738895,-1.039840142,-0.734490493,-0.392877039,-0.973909961,-0.459675877,-0.64252803,-1.195717949,-0.89404417,-0.770959758,-0.922986441,-0.926475386,-1.148223372,-1.03137468,-1.289113399,-0.849921625,-0.823642065,-1.219329652,-0.543559758,-1.053554529,-0.413998733,-0.769502736,-0.851857394,-0.560707249,-0.768304879,-1.229020742,-0.762109449,-0.264529979,-1.034781322
Trehalose,0.453905723,0.195077134,-0.302161509,-0.045945286,0.554338486,1.024402095,0.812001207,0.952432979,0.682849729,-0.66032365,0.37356532,0.171525704,0.049303518,0.387131532,0.264177191,0.802514772,0.280447054,-0.121472593,0.130588157,0.62100025,0.505127467,0.098734725,-0.004600641,0.609439944,0.144114027,0.763734318,0.320964369,0.1845311,0.085990354,-0.096838942,-0.190719349,1.603138211,1.706309081,0.433063074,-0.321521522,0.352180051,0.340585616,-0.218518535,0.29092622,0.34250267,0.243294323,0.684428779,0.640506732,0.531267286,-0.762829793,0.631723543,-0.256561449,0.739739005,0.023252655,0.549423318,-0.001466489,-0.167443192,0.216695704,0.645742078,1.183972561,0.96389403,0.121831216,0.485022014,0.318155889,0.413151591,-0.374128803,0.819619201,0.455811275,0.648098003,-0.219573045,0.105695122,0.336055262,-0.07503405,0.738454549,0.204544831,0.029011723,-0.20397532,0.873993307,0.721346725,0.349436233,0.520920934,0.906754854,0.44772117,1.383915109,0.526326965,0.815368592,1.526623757,1.228220706,1.120120852,-0.163317354,0.823915434,-0.188613153,0.475151743,0.309453079,0.174563842,-0.467317057,-1.490672744,1.397361229,0.41946006,0.524178041,0.841737857,0.467363504,1.132741972,0.436084536,0.613704783,0.557531244,-0.053393462,-0.669805112,1.099933705,0.19475621,-0.31918914,0.875545392,1.082735484,0.233189767,0.967918324,0.132062366,0.656211685,0.524481793,-0.314868727,0.541578167,0.711958072,0.278424478,0.074903355,0.164451529,-1.355489212,1.068774659
Tyrosine,-0.663790685,-0.466693511,0.129015698,0.376026549,-0.061564423,0.453815128,-0.765706636,0.016503576,-0.626735942,-0.22023306,-0.107806846,-0.650498166,-0.512328559,0.29638776,0.106995655,0.042097289,-0.611435659,0.031340217,-0.120558376,-0.455391208,-0.25403884,0.086247458,-0.214707805,-0.049322141,0.089564886,0.201121356,-0.188527782,-0.815570267,-0.195096005,-1.051553061,0.391957646,0.297255706,-0.275720142,-0.323664565,-1.16296005,0.295706121,-0.273282871,-0.286720742,-0.168290834,0.593911485,-1.332529561,-0.39153812,-0.130548294,0.140587122,-0.238810135,0.099562366,0.504426222,-0.43573064,0.099623986,0.836404835,0.128283357,0.689105904,0.232089188,0.217604576,-0.80544662,-0.384374533,-0.300507443,-0.183185961,-0.478472947,-0.94441441,-0.820665891,-0.15948275,-0.097930089,-0.073068702,-0.842047449,-0.919850548,-0.267272087,0.174007165,0.060537917,0.024487575,-0.01723044,-0.295865585,0.075313004,-0.344849963,-0.292450069,-0.075941346,-0.401096077,0.016832745,-0.309677627,-0.253554146,-0.2993886,-0.672835243,-0.946970478,-0.380421082,0.070779887,-0.469800169,-0.221274068,-0.361034068,-0.794719972,-0.927226239,-0.219024985,-0.344664604,-0.626383661,0.60299051,0.132425504,-0.308279785,-0.219195031,-0.80559282,-0.392656298,-1.04956239,-0.145909125,-0.095804565,-0.379929421,-0.990513459,0.035882083,0.055263827,-0.632835603,0.224626692,-0.062664704,-0.053627922,-0.319195633,-0.275587355,-1.018721155,-0.64912739,-0.305599506,-0.75942522,-0.823917537,-0.247331378,-0.4280527,-0.184684466,-0.503509759
Valine,0.552717407,0.215963388,-0.231741159,-0.79614381,0.379414003,0.87966974,-0.440449751,0.270185905,0.207280697,0.403924699,0.162770628,0.054132133,0.307798848,0.284738984,0.291720975,0.72191632,0.849562195,-0.850578054,-0.090697847,0.071966195,-0.143382665,-0.427713699,-0.033650949,0.185623573,-1.009391012,0.395178766,-0.050477013,0.588983419,-0.110228499,0.379129879,-0.110490849,0.356271201,0.703175251,0.189542617,0.458150713,-0.053204108,0.172028281,-0.080151101,0.575288429,0.498343026,0.303799234,0.798796667,0.100533579,0.32623287,-0.15303052,1.170634258,-0.341194984,0.715136336,0.029733532,0.70960126,0.163934656,0.513426532,1.238106974,-0.291024047,0.580782568,0.79136432,0.144028137,1.358008251,0.449719003,0.268058642,0.606845884,-0.684111925,-0.095148155,0.078546586,0.894115612,-0.379338736,0.232568051,0.522211536,0.05085268,0.836235043,0.559324645,-0.165401126,-0.089766013,-0.450661767,0.667326615,0.119662228,-0.391154513,0.5631038,-0.071914135,0.259067667,0.12546233,-0.023651032,-0.178649059,0.793226446,0.548287458,0.545843186,0.406436422,0.052530062,0.087090319,-0.361197163,-0.323966321,0.13849447,-0.321354952,0.206310297,-0.185908285,0.829329848,0.530474888,0.481160109,-0.309505007,-0.249213276,-0.467499146,0.174846259,0.594063452,0.256106508,-1.190277325,-0.030973683,-0.118784105,-0.524165999,-1.006091135,-0.146787382,0.305658588,-0.246765787,-0.114918296,1.635627207,-0.308064498,0.488960468,-0.767343159,-0.885046008,0.084568587,-0.189457087,-0.378776766
